City_ID,City,Country,Lat,Lng,Max Temp,Humidity,Cloudiness,Wind Speed,Current Description
0,Tuatapere,NZ,-46.1333,167.6833,53.82,83,99,2.04,overcast clouds
1,Dikson,RU,73.5069,80.5464,-4.49,91,100,25.28,overcast clouds
2,Saint-Philippe,RE,-21.3585,55.7679,83.79,79,100,13.67,light rain
3,Severo-Kurilsk,RU,50.6789,156.125,20.75,70,19,3.87,few clouds
4,Cape Town,ZA,-33.9258,18.4232,74.88,76,0,17.27,clear sky
5,Hobart,AU,-42.8794,147.3294,78.22,49,75,16.11,broken clouds
6,Ribeira Grande,PT,38.5167,-28.7,60.91,85,100,15.28,overcast clouds
7,Comodoro Rivadavia,AR,-45.8667,-67.5,58.86,67,0,4.61,clear sky
8,Saint-Pierre,RE,-21.3393,55.4781,83.88,70,0,9.22,clear sky
9,Qaanaaq,GL,77.484,-69.3632,-15.66,47,2,9.8,clear sky
10,Fortuna,US,40.5982,-124.1573,49.12,100,0,9.22,clear sky
11,Rikitea,PF,-23.1203,-134.9692,79.2,70,0,16.55,clear sky
12,Yellowknife,CA,62.456,-114.3525,-17.45,82,20,9.22,few clouds
13,Nikolayevskaya,RU,47.6139,41.5023,31.82,66,6,10.56,clear sky
14,Puro,PH,12.4841,123.3827,82.02,73,100,14.34,overcast clouds
15,Great Falls,US,47.5002,-111.3008,34.99,57,0,12.66,clear sky
16,Melfi,IT,40.9965,15.6514,45.39,89,100,1.43,overcast clouds
17,Ushuaia,AR,-54.8,-68.3,44.26,70,75,6.91,broken clouds
18,Mataura,NZ,-46.1927,168.8643,53.47,97,100,2.53,overcast clouds
19,Rocha,UY,-34.4833,-54.3333,61.41,84,100,11.01,overcast clouds
20,Rawson,AR,-43.3002,-65.1023,69.08,35,10,8.39,clear sky
21,Port Alfred,ZA,-33.5906,26.891,75.51,85,100,19.1,overcast clouds
22,Vaini,TO,-21.2,-175.2,82.56,83,75,6.91,broken clouds
23,Salta,AR,-24.7859,-65.4117,59.59,90,100,2.3,overcast clouds
24,Lagoa,PT,39.05,-27.9833,59.32,80,64,16.11,broken clouds
25,Okha,RU,53.5739,142.9478,5.99,95,53,5.5,broken clouds
26,Kapaa,US,22.0752,-159.319,73.72,82,40,12.66,scattered clouds
27,Binucayan,PH,8.25,125.7167,85.03,65,69,2.37,broken clouds
28,Lasa,IT,46.6166,10.7002,27.86,34,88,1.12,overcast clouds
29,Beringovskiy,RU,63.05,179.3167,-24.97,95,7,5.28,clear sky
30,Asau,RO,46.4333,26.4,32.95,78,4,2.73,clear sky
31,Carnarvon,AU,-24.8667,113.6333,89.67,58,48,17.27,scattered clouds
32,Quatre Cocos,MU,-20.2078,57.7625,86.11,77,17,13.98,few clouds
33,Codrington,AU,-38.2667,141.9667,72.01,52,100,15.9,overcast clouds
34,Rio De Jesus,PA,7.9844,-81.1631,71.44,85,58,2.62,broken clouds
35,Klyuchi,RU,52.2667,79.1667,21.45,86,100,13.29,overcast clouds
36,Port Elizabeth,ZA,-33.918,25.5701,71.89,83,75,18.41,broken clouds
37,Hilo,US,19.7297,-155.09,73.13,73,100,8.05,overcast clouds
38,Aramil,RU,56.6977,60.8369,21.22,93,75,2.24,broken clouds
39,Iqaluit,CA,63.7506,-68.5145,-22.27,74,75,3.44,broken clouds
40,Bredasdorp,ZA,-34.5322,20.0403,72.28,65,27,6.51,scattered clouds
41,Arraial Do Cabo,BR,-22.9661,-42.0278,72.12,88,26,5.21,scattered clouds
42,Port Lincoln,AU,-34.7333,135.8667,71.8,67,100,12.86,light rain
43,Cuamba,MZ,-14.8031,36.5372,75.92,84,81,1.59,light rain
44,Esperance,AU,-33.8667,121.9,76.84,56,0,16.84,clear sky
45,Saint Anthony,US,45.0205,-93.218,4.66,80,40,8.05,scattered clouds
46,Hermanus,ZA,-34.4187,19.2345,72.81,73,89,8.9,overcast clouds
47,Batsfjord,NO,70.6345,29.7185,19.0,71,1,12.53,clear sky
48,Concarneau,FR,47.875,-3.9225,50.83,87,100,22.21,overcast clouds
49,Rafaela,AR,-31.2503,-61.4867,55.98,53,0,1.01,clear sky
50,Ghauspur,PK,28.1391,69.0831,69.69,14,0,7.52,clear sky
51,Labuan,MY,5.2767,115.2417,84.56,79,20,5.99,few clouds
52,Bathsheba,BB,13.2167,-59.5167,77.61,73,20,17.27,few clouds
53,Busselton,AU,-33.65,115.3333,83.16,39,0,6.4,clear sky
54,Bambous Virieux,MU,-20.3428,57.7575,86.25,74,40,14.97,scattered clouds
55,Zastron,ZA,-30.3023,27.084,74.32,36,2,3.09,clear sky
56,Katsuura,JP,35.1333,140.3,43.11,92,100,4.18,light rain
57,Georgetown,MY,5.4112,100.3354,89.53,67,40,9.22,scattered clouds
58,Ballina,AU,-28.8667,153.5667,77.18,71,75,17.27,broken clouds
59,Andenes,NO,69.3143,16.1194,26.58,68,20,17.27,few clouds
60,Husavik,IS,66.0449,-17.3389,17.51,95,46,14.07,scattered clouds
61,Ponta Do Sol,PT,32.6667,-17.1,62.06,70,57,4.23,broken clouds
62,Ilulissat,GL,69.2167,-51.1,10.42,79,75,8.05,broken clouds
63,Beyneu,KZ,45.3167,55.2,41.38,90,100,16.42,overcast clouds
64,Tateyama,JP,34.9833,139.8667,43.02,91,100,7.18,overcast clouds
65,Gamba,GA,-2.65,10.0,78.51,87,100,2.77,overcast clouds
66,Barrow,US,71.2906,-156.7887,-29.18,75,0,8.05,clear sky
67,Poplar Bluff,US,36.757,-90.3929,26.38,79,0,0.0,clear sky
68,Sunagawa,JP,43.4864,141.9056,31.75,83,61,2.77,broken clouds
69,Tiksi,RU,71.6872,128.8694,-6.21,86,100,13.49,overcast clouds
70,Sambava,MG,-14.2667,50.1667,82.65,66,0,6.6,clear sky
71,Mayo,US,38.8876,-76.5119,43.25,69,100,12.66,overcast clouds
72,Makkaveyevo,RU,51.7533,113.9454,0.59,67,100,0.6,overcast clouds
73,Bandrele,YT,-12.9067,45.1914,85.75,70,0,4.61,light rain
74,Mar Del Plata,AR,-38.0023,-57.5575,55.87,80,0,3.0,clear sky
75,Cockburn Town,TC,21.4612,-71.1419,77.18,73,0,21.83,clear sky
76,Tura,IN,25.5198,90.2201,75.72,30,0,2.68,clear sky
77,Gat,IL,31.61,34.7642,63.91,38,0,1.48,clear sky
78,Loiza,PR,18.4313,-65.8802,75.87,90,75,4.61,broken clouds
79,Olinda,BR,-8.0089,-34.8553,80.33,78,40,8.05,scattered clouds
80,Mokhotlong,LS,-29.2894,29.0675,66.92,57,3,2.68,clear sky
81,Tooele,US,40.5308,-112.2983,37.63,69,0,8.05,clear sky
82,Acajutla,SV,13.5928,-89.8275,77.81,77,43,2.77,scattered clouds
83,Hobyo,SO,5.3505,48.5268,81.37,53,9,19.01,clear sky
84,Roma,US,43.2128,-75.4557,23.67,75,100,6.91,overcast clouds
85,Provideniya,RU,64.3833,-173.3,-9.47,91,5,4.79,clear sky
86,Longyearbyen,SJ,78.2186,15.6401,12.04,85,75,2.3,broken clouds
87,Taltal,CL,-25.4,-70.4833,65.97,82,83,1.23,broken clouds
88,Dombarovskiy,RU,50.7587,59.5386,20.89,93,100,2.06,overcast clouds
89,New Norfolk,AU,-42.7826,147.0587,77.88,40,100,4.0,light rain
90,Lebu,CL,-37.6167,-73.65,56.53,91,100,5.08,overcast clouds
91,Noumea,NC,-22.2763,166.4572,84.0,99,100,12.97,overcast clouds
92,Caravelas,BR,-17.7125,-39.2481,74.97,86,100,2.08,overcast clouds
93,Anshun,CN,26.25,105.9333,47.95,68,64,2.86,broken clouds
94,Jamestown,US,42.097,-79.2353,20.52,85,100,10.36,mist
95,Champerico,GT,14.3,-91.9167,80.04,75,100,5.7,overcast clouds
96,Sorong,ID,-0.8833,131.25,82.89,70,27,4.85,moderate rain
97,Hofn,IS,64.2539,-15.2082,21.24,69,0,18.45,clear sky
98,Deputatskiy,RU,69.3,139.9,-11.18,94,100,6.26,overcast clouds
99,Samoylovka,RU,51.184,43.7081,16.23,94,35,9.1,scattered clouds
100,Avarua,CK,-21.2078,-159.775,77.05,94,95,2.3,overcast clouds
101,Thompson,CA,55.7435,-97.8558,-23.64,76,75,0.0,broken clouds
102,Vardo,NO,70.3705,31.1107,24.33,75,3,18.03,clear sky
103,Akhmim,EG,26.5622,31.745,63.01,29,0,4.81,clear sky
104,Mfou,CM,3.7159,11.6427,69.66,94,40,0.0,mist
105,Nouadhibou,MR,20.931,-17.0347,62.58,72,97,18.41,overcast clouds
106,Airai,TL,-8.9266,125.4092,69.62,77,84,2.28,moderate rain
107,Aguimes,ES,27.9054,-15.4461,57.83,72,20,15.01,few clouds
108,Albany,US,42.6001,-73.9662,28.8,68,100,1.01,overcast clouds
109,Upernavik,GL,72.7868,-56.1549,-2.51,89,100,15.46,overcast clouds
110,Punta Arenas,CL,-53.15,-70.9167,55.51,76,0,20.71,clear sky
111,Castro,BR,-24.7911,-50.0119,56.89,99,46,2.53,scattered clouds
112,Leningradskiy,RU,69.3833,178.4167,-11.58,96,99,4.61,overcast clouds
113,Blois,FR,47.5833,1.3333,39.11,92,100,7.99,overcast clouds
114,Tuktoyaktuk,CA,69.4541,-133.0374,-34.6,67,0,4.61,clear sky
115,Bluff,NZ,-46.6,168.3333,53.8,79,100,10.54,overcast clouds
116,Pisco,PE,-13.7,-76.2167,68.05,77,0,5.75,clear sky
117,Alice Springs,AU,-23.7,133.8833,96.22,43,0,4.61,clear sky
118,Pitimbu,BR,-7.4706,-34.8086,79.39,78,13,7.54,few clouds
119,Clyde River,CA,70.4692,-68.5914,-14.57,76,100,25.32,light snow
120,Saldanha,ZA,-33.0117,17.9442,66.25,78,0,16.35,clear sky
121,Sangar,RU,63.9242,127.4739,-19.93,98,99,1.54,overcast clouds
122,East London,ZA,-33.0153,27.9116,77.94,88,75,14.97,broken clouds
123,Acaponeta,MX,22.4964,-105.3594,63.7,42,100,4.05,overcast clouds
124,Zhezkazgan,KZ,47.8043,67.7144,30.18,86,100,26.84,light snow
125,Kaeo,NZ,-35.1,173.7833,68.32,70,0,10.13,clear sky
126,Norman Wells,CA,65.282,-126.8329,-16.56,69,75,6.91,light snow
127,Mehamn,NO,71.0357,27.8492,19.27,78,41,11.01,scattered clouds
128,Khatanga,RU,71.9667,102.5,-18.06,95,100,4.74,overcast clouds
129,Atuona,PF,-9.8,-139.0333,78.03,78,17,14.81,light rain
130,Lanxi,CN,29.2195,119.477,44.8,95,100,3.67,moderate rain
131,Atikokan,CA,48.7555,-91.6216,-25.83,100,26,3.11,scattered clouds
132,Mahebourg,MU,-20.4081,57.7,86.29,74,40,14.97,scattered clouds
133,Vesele,UA,47.0148,34.915,32.95,66,6,5.68,clear sky
134,Kaseda,JP,31.4167,130.3167,60.03,79,100,12.82,overcast clouds
135,Ormara,PK,25.2088,64.6357,72.16,56,0,12.33,clear sky
136,Labuhan,ID,-6.8844,112.2051,84.15,66,98,10.22,overcast clouds
137,Akyab,MM,20.15,92.9,75.74,41,92,9.91,overcast clouds
138,Geraldton,AU,-28.7667,114.6,88.21,42,1,13.8,clear sky
139,Puerto Del Rosario,ES,28.5004,-13.8627,60.55,72,20,10.36,few clouds
140,Kodiak,US,57.79,-152.4072,33.31,86,0,3.44,clear sky
141,Collie,AU,-33.3667,116.15,91.6,23,0,4.76,clear sky
142,Sarny,UA,51.338,26.6019,28.42,74,54,8.93,broken clouds
143,Souillac,MU,-20.5167,57.5167,86.38,74,40,14.97,scattered clouds
144,Narsaq,GL,60.9167,-46.05,28.62,95,100,4.74,overcast clouds
145,Esterhazy,CA,50.65,-102.0843,-13.95,89,37,6.73,scattered clouds
146,Zunyi,CN,27.6867,106.9072,44.42,77,95,2.19,overcast clouds
147,Severomuysk,RU,56.1481,113.4267,-12.98,86,30,4.21,scattered clouds
148,Longyan,CN,25.1072,117.0225,55.92,97,100,3.42,light rain
149,Mirzapur,IN,25.15,82.5833,73.36,24,0,6.62,clear sky
150,Vila Velha,BR,-20.3297,-40.2925,73.94,97,40,3.44,scattered clouds
151,Nanortalik,GL,60.1432,-45.2371,26.02,87,100,7.63,overcast clouds
152,Lavrentiya,RU,65.5833,-171.0,-15.39,93,7,7.11,clear sky
153,Butaritari,KI,3.0707,172.7902,82.47,76,76,13.78,light rain
154,Mutuipe,BR,-13.2286,-39.5047,70.43,98,100,1.39,overcast clouds
155,Constitucion,CL,-35.3333,-72.4167,57.79,95,23,7.63,few clouds
156,Tasiilaq,GL,65.6145,-37.6368,10.56,65,100,5.26,overcast clouds
157,Praia Da Vitoria,PT,38.7333,-27.0667,62.85,88,75,14.03,broken clouds
158,Myanaung,MM,18.2833,95.3167,90.55,14,25,8.66,scattered clouds
159,Simplicio Mendes,BR,-7.8539,-41.9103,69.55,96,42,1.83,scattered clouds
160,Hami,CN,42.8,93.45,31.98,47,98,2.21,overcast clouds
161,Grindavik,IS,63.8424,-22.4338,24.75,74,100,2.3,overcast clouds
162,Richards Bay,ZA,-28.783,32.0377,82.26,55,0,13.53,clear sky
163,North Bend,US,43.4065,-124.2243,48.85,93,0,4.61,clear sky
164,Margate,GB,51.3813,1.3862,45.3,82,100,8.01,overcast clouds
165,Nikolskoye,RU,59.7035,30.7861,35.87,94,100,9.4,snow
166,Kudahuvadhoo,MV,2.6708,72.8944,80.96,76,100,7.36,overcast clouds
167,Khandyga,RU,62.6667,135.6,-26.64,97,55,0.89,broken clouds
168,Nome,US,64.5011,-165.4064,-11.13,70,0,3.44,clear sky
169,Kamennomostskiy,RU,44.2983,40.1856,33.3,74,99,3.67,overcast clouds
170,Pacifica,US,37.6138,-122.4869,65.59,65,0,3.0,clear sky
171,Soledade,BR,-28.8183,-52.5103,62.46,92,94,0.43,overcast clouds
172,Hithadhoo,MV,-0.6,73.0833,81.73,72,64,11.72,broken clouds
173,Alenquer,BR,-1.9417,-54.7383,75.54,93,100,2.86,overcast clouds
174,Altamont,US,42.2068,-121.7372,43.79,62,0,3.44,clear sky
175,Yueyang,CN,29.3333,113.0919,49.17,63,94,5.35,overcast clouds
176,Bermeo,ES,43.4209,-2.7215,56.08,79,89,15.01,overcast clouds
177,Kushima,JP,31.4583,131.2333,60.31,81,100,7.36,overcast clouds
178,Distraccion,CO,10.8969,-72.8861,73.2,86,83,3.83,broken clouds
179,Hambantota,LK,6.1241,81.1185,88.14,74,75,10.36,heavy intensity rain
180,Samarai,PG,-10.6167,150.6667,82.54,69,27,9.22,scattered clouds
181,Klaksvik,FO,62.2266,-6.589,36.52,97,100,40.96,overcast clouds
182,Johnshaven,GB,56.7949,-2.3358,45.3,89,100,10.45,overcast clouds
183,Wladyslawowo,PL,54.7909,18.4009,32.94,69,87,18.01,overcast clouds
184,Katangli,RU,51.7102,143.2326,15.28,92,95,10.33,overcast clouds
185,Puerto Ayora,EC,-0.7393,-90.3518,74.55,94,34,3.67,scattered clouds
186,Colares,PT,38.7992,-9.4469,52.32,75,37,15.01,scattered clouds
187,Kaitangata,NZ,-46.2817,169.8464,55.92,87,97,8.23,overcast clouds
188,San Patricio,US,28.017,-97.5169,48.06,45,0,12.84,clear sky
189,Ust-Ishim,RU,57.6935,71.1665,6.1,91,100,3.94,light snow
190,Dali,CN,25.7,100.1833,59.4,28,1,2.82,clear sky
191,Darhan,MN,49.4867,105.9228,-4.56,83,95,0.43,overcast clouds
192,Kouroussa,GN,10.65,-9.8833,64.87,20,8,2.84,clear sky
193,Waterloo,CA,43.4668,-80.5164,11.08,78,75,2.3,broken clouds
194,Poum,NC,-20.2333,164.0167,82.45,74,85,7.23,overcast clouds
195,Omboue,GA,-1.5746,9.2618,79.77,84,100,4.05,light rain
196,Bang Saphan,TH,11.2126,99.5117,87.75,57,32,7.9,scattered clouds
197,Alofi,NU,-19.0595,-169.9187,80.49,78,85,8.05,overcast clouds
198,Erdaojiang,CN,41.7764,126.0319,24.39,63,39,2.35,scattered clouds
199,Saint-Joseph,RE,-21.3667,55.6167,84.56,77,94,11.45,light rain
200,Kavieng,PG,-2.5744,150.7967,82.11,73,100,3.36,light rain
201,Limbe,CM,4.0242,9.2149,74.25,74,20,3.47,few clouds
202,Takoradi,GH,4.8845,-1.7554,78.78,86,45,6.58,scattered clouds
203,Koulikoro,ML,14.0,-7.75,57.7,19,5,9.42,clear sky
204,Cherskiy,RU,68.75,161.3,-15.63,98,100,8.9,overcast clouds
205,Rudnya,RU,54.947,31.0934,24.93,88,26,11.25,scattered clouds
206,Deer Lake,CA,49.1667,-57.4316,39.06,93,100,12.66,overcast clouds
207,Hasaki,JP,35.7333,140.8333,43.09,89,100,13.69,light rain
208,Farafenni,GM,13.5667,-15.6,69.01,12,0,9.69,clear sky
209,Batagay,RU,67.6333,134.6333,-26.03,97,45,3.47,scattered clouds
210,Kahului,US,20.8947,-156.47,74.84,79,0,6.91,clear sky
211,Marsh Harbour,BS,26.5412,-77.0636,74.7,87,100,11.56,overcast clouds
212,Mazatlan,MX,23.2167,-106.4167,67.91,69,5,6.82,clear sky
213,Aitape,PG,-3.1374,142.3475,82.22,81,45,8.39,scattered clouds
214,Naze,JP,28.3667,129.4833,65.32,76,100,10.63,overcast clouds
215,Ulaanbaatar,MN,47.9077,106.8832,-3.87,65,67,6.71,broken clouds
216,Cabedelo,BR,-6.9811,-34.8339,79.47,79,64,7.94,broken clouds
217,Abu Samrah,SY,35.3029,37.1841,51.26,48,6,3.85,clear sky
218,Svetlyy,RU,54.675,20.1347,32.05,69,94,18.32,overcast clouds
219,Iberia,US,29.9502,-91.7507,44.67,76,100,27.63,overcast clouds
220,Sinnamary,GF,5.3833,-52.95,75.6,90,24,8.79,few clouds
221,Mahon,ES,39.8885,4.2658,45.16,100,10,0.0,fog
222,Poronaysk,RU,49.2167,143.1167,24.03,84,100,7.18,overcast clouds
223,Emporia,US,38.4039,-96.1817,26.8,63,0,12.66,clear sky
224,Kiama,AU,-34.6833,150.8667,78.28,60,7,8.99,clear sky
225,Paamiut,GL,61.994,-49.6678,19.65,82,100,14.43,overcast clouds
226,Port Macquarie,AU,-31.4333,152.9167,75.16,70,68,7.36,broken clouds
227,Kaisiadorys,LT,54.8667,24.45,28.56,72,93,14.16,overcast clouds
228,Sim,RU,54.993,57.6982,23.95,90,100,7.02,light snow
229,Bethel,US,41.3712,-73.414,39.92,68,100,4.0,overcast clouds
230,Chokurdakh,RU,70.6333,147.9167,-3.33,95,99,10.4,overcast clouds
231,Mount Isa,AU,-20.7333,139.5,94.5,33,7,7.78,clear sky
232,Faya,SA,18.3851,42.4509,55.92,38,6,3.51,clear sky
233,Ancud,CL,-41.8697,-73.8203,58.53,93,34,0.83,scattered clouds
234,Byron Bay,AU,-28.65,153.6167,77.11,85,48,12.35,scattered clouds
235,Ilhabela,BR,-23.7781,-45.3581,72.9,88,30,2.13,scattered clouds
236,Luderitz,NA,-26.6481,15.1594,76.64,62,3,9.17,light rain
237,Kjollefjord,NO,70.9457,27.3465,21.34,72,8,10.11,clear sky
238,Point Pedro,LK,9.8167,80.2333,80.19,70,100,14.29,light rain
239,Bilma,NE,18.6853,12.9164,60.67,18,0,7.61,clear sky
240,Dunedin,NZ,-45.8742,170.5036,53.8,81,100,11.01,overcast clouds
241,Charagua,BO,-19.8,-63.2167,60.1,81,100,7.18,overcast clouds
242,Pangnirtung,CA,66.1451,-65.7125,-27.63,98,100,4.29,overcast clouds
243,Mastic Beach,US,40.7668,-72.8521,41.99,67,100,8.01,overcast clouds
244,Havre-Saint-Pierre,CA,50.2334,-63.5986,14.59,73,100,12.66,overcast clouds
245,Henties Bay,NA,-22.116,14.2845,71.85,74,100,4.36,overcast clouds
246,Puerto Colombia,CO,10.9878,-74.9547,78.4,81,16,24.49,few clouds
247,Adrar,MR,20.5022,-10.0711,57.25,31,100,9.73,overcast clouds
248,Faanui,PF,-16.4833,-151.75,81.63,70,77,12.84,broken clouds
249,Bitung,ID,1.4451,125.1824,85.05,76,100,9.55,overcast clouds
250,Nishihara,JP,26.1842,127.7558,69.46,94,100,9.22,mist
251,Tabou,CI,4.423,-7.3528,76.89,88,15,5.28,light rain
252,Carutapera,BR,-1.195,-46.02,75.36,95,94,5.01,overcast clouds
253,Montes Altos,BR,-5.8333,-47.0667,75.69,97,100,1.99,overcast clouds
254,Sitka,US,57.0531,-135.33,37.29,87,100,5.75,overcast clouds
255,Lexington,US,37.9887,-84.4777,26.74,64,100,6.91,overcast clouds
256,Mokolo,CM,10.7398,13.8019,68.54,23,8,5.3,clear sky
257,Yenagoa,NG,4.9247,6.2642,79.39,83,70,3.22,broken clouds
258,Pevek,RU,69.7008,170.3133,-18.0,98,100,7.87,overcast clouds
259,Macenta,GN,8.5435,-9.471,59.85,34,6,1.57,clear sky
260,Prattville,US,32.464,-86.4597,49.51,51,0,13.8,clear sky
261,Sakaiminato,JP,35.55,133.2333,46.38,76,75,11.5,light rain
262,Moranbah,AU,-22.0016,148.0466,88.45,32,52,24.34,broken clouds
263,Saint-Georges,GD,12.0564,-61.7485,77.14,70,32,17.6,scattered clouds
264,Hovd,MN,48.0056,91.6419,-5.57,86,100,4.65,overcast clouds
265,Pangody,RU,65.85,74.4859,-7.29,90,11,12.82,few clouds
266,Yar-Sale,RU,66.8333,70.8333,-7.8,95,100,14.18,overcast clouds
267,Alekseyevsk,RU,57.8406,108.3492,-3.82,85,100,3.29,overcast clouds
268,Muli,MV,2.9167,73.5667,81.25,73,100,6.26,overcast clouds
269,Khani,GE,41.9563,42.9566,31.57,94,16,1.48,few clouds
270,Korla,CN,41.7597,86.1469,37.8,30,100,6.69,overcast clouds
271,Pangkalanbuun,ID,-2.6833,111.6167,84.78,63,100,1.1,overcast clouds
272,Sobolevo,RU,54.4299,31.8996,20.7,87,20,11.01,few clouds
273,Hamilton,US,39.1834,-84.5333,25.03,77,100,11.5,overcast clouds
274,Lahij,YE,13.1667,44.5833,73.89,62,18,4.74,few clouds
275,Urucui,BR,-7.2294,-44.5561,72.48,93,83,1.86,broken clouds
276,Kuusamo,FI,65.9667,29.1833,6.22,100,100,5.57,overcast clouds
277,Ouro Branco,BR,-20.5208,-43.6919,62.33,97,92,0.85,overcast clouds
278,Vaitape,PF,-16.5167,-151.75,81.64,70,80,12.91,broken clouds
279,Nantucket,US,41.2835,-70.0995,42.91,71,0,8.05,clear sky
280,Hasilpur,PK,29.7122,72.5553,76.51,14,0,4.61,clear sky
281,Srednekolymsk,RU,67.45,153.6833,-24.74,93,82,6.35,broken clouds
282,Necochea,AR,-38.5473,-58.7368,51.04,73,4,5.01,clear sky
283,Xuddur,SO,4.1213,43.8894,80.87,38,79,18.14,broken clouds
284,Epe,NG,6.5841,3.9834,78.35,89,89,4.41,overcast clouds
285,Isangel,VU,-19.55,169.2667,86.11,79,75,4.61,broken clouds
286,Turukhansk,RU,65.8167,87.9833,2.44,80,0,8.86,clear sky
287,Rio Grande,BR,-32.035,-52.0986,65.95,93,96,13.56,overcast clouds
288,Kushnarenkovo,RU,55.105,55.3508,25.18,93,100,10.67,light snow
289,Muros,ES,42.7762,-9.0603,52.84,93,100,25.14,overcast clouds
290,Kenora,CA,49.8167,-94.4337,-13.83,70,0,3.44,clear sky
291,Grand Gaube,MU,-20.0064,57.6608,86.4,69,10,13.0,clear sky
292,Price,US,39.5994,-110.8107,32.11,64,0,6.91,clear sky
293,Diu,IN,20.7141,70.9822,79.66,30,6,7.25,clear sky
294,Lagunas,PE,-5.2269,-75.6753,69.85,98,100,2.35,overcast clouds
295,College,US,64.8569,-147.8028,12.2,82,100,0.0,light snow
296,Copiapo,CL,-27.3667,-70.3333,63.59,81,0,1.97,clear sky
297,Ostrovnoy,RU,68.0531,39.5131,20.03,95,100,4.97,light snow
298,Sechelt,CA,49.4664,-123.7694,43.75,65,100,3.87,overcast clouds
299,Mackay,AU,-21.15,149.2,83.68,69,40,14.97,scattered clouds
300,Santa Maria Del Oro,MX,25.9333,-105.3667,38.52,52,15,2.62,few clouds
301,Cidreira,BR,-30.1811,-50.2056,70.38,88,9,10.0,clear sky
302,Holland,US,42.7875,-86.1089,16.3,85,100,4.61,mist
303,Meadow Lake,US,34.8014,-106.5436,41.23,34,4,2.66,clear sky
304,Guadalupe Y Calvo,MX,26.1,-106.9667,33.53,52,100,7.65,overcast clouds
305,Morristown,US,36.214,-83.2949,39.56,72,100,8.05,overcast clouds
306,Venado Tuerto,AR,-33.7456,-61.9688,51.89,66,0,2.46,clear sky
307,Vikulovo,RU,56.8167,70.6107,6.01,89,100,3.13,overcast clouds
308,Plettenberg Bay,ZA,-34.0527,23.3716,72.59,76,98,4.09,overcast clouds
309,Ternovka,RU,51.678,41.6375,18.45,92,22,12.01,few clouds
310,Kopavogur,IS,64.1123,-21.913,24.51,58,100,9.22,overcast clouds
311,Potsdam,DE,52.3989,13.0657,35.11,89,100,8.95,overcast clouds
312,Komsomolskiy,UZ,40.4272,71.7189,42.22,93,100,2.3,fog
313,Westport,US,41.1415,-73.3579,42.78,63,100,5.75,overcast clouds
314,Riyadh,SA,24.6877,46.7219,57.34,29,0,17.43,clear sky
315,Klyuchevskiy,RU,53.5317,119.4519,0.14,69,100,3.85,overcast clouds
316,Kaniama,CD,-7.5667,24.1833,70.12,89,100,2.42,overcast clouds
317,Aksarka,RU,66.5606,67.7975,-2.47,97,99,9.26,overcast clouds
318,Lompoc,US,34.6391,-120.4579,69.12,62,0,3.44,clear sky
319,Belyy Yar,RU,53.6039,91.3903,-7.71,77,84,0.0,mist
320,Puerto Escondido,MX,15.85,-97.0667,76.68,62,93,4.18,overcast clouds
321,Talnakh,RU,69.4865,88.3972,-4.72,74,21,9.24,few clouds
322,San Quintin,MX,30.4833,-115.95,63.25,46,67,4.23,broken clouds
323,Victoria,HK,22.2855,114.1577,66.18,86,100,4.0,overcast clouds
324,Reyes,BO,-14.3167,-67.3833,70.63,99,100,3.36,light rain
325,Willmar,US,45.1219,-95.0433,6.48,78,0,9.22,clear sky
326,Saskylakh,RU,71.9167,114.0833,-11.04,79,82,4.9,broken clouds
327,Qaqortoq,GL,60.7167,-46.0333,28.9,93,100,7.34,overcast clouds
328,Hervey Bay,AU,-25.2986,152.8535,75.31,75,9,18.66,clear sky
329,Touros,BR,-5.1989,-35.4608,79.7,83,13,6.64,few clouds
330,Bayir,TR,37.2687,28.2167,41.52,77,100,2.55,overcast clouds
331,Yarensk,RU,62.1675,49.0916,14.77,94,100,4.0,overcast clouds
332,Acapulco,MX,16.8634,-99.8901,76.82,78,100,2.3,overcast clouds
333,Taoudenni,ML,22.6783,-3.9836,56.97,26,0,13.0,clear sky
334,Ponta Delgada,PT,37.7333,-25.6667,62.51,100,75,13.8,mist
335,Jinxiang,CN,27.4327,120.6062,51.1,94,100,11.14,light rain
336,Road Town,VG,18.4167,-64.6167,75.99,74,0,21.39,clear sky
337,Torbay,CA,47.6666,-52.7314,45.57,95,100,25.32,light intensity drizzle
338,Sorland,NO,67.667,12.6934,29.79,89,100,3.71,light snow
339,Araouane,ML,18.9048,-3.5265,57.52,21,84,11.23,broken clouds
340,Cabo San Lucas,MX,22.8909,-109.9124,69.51,64,95,4.09,overcast clouds
341,Galle,LK,6.0367,80.217,79.83,78,100,5.39,overcast clouds
342,Erdenet,MN,49.0333,104.0833,-3.89,84,99,3.83,overcast clouds
343,Bandarbeyla,SO,9.4942,50.8122,78.69,67,79,15.95,light rain
344,Santa Lucia,ES,27.9117,-15.5407,52.92,72,20,13.8,few clouds
345,Zalantun,CN,48.0,122.7167,7.5,68,24,1.99,few clouds
346,Roald,NO,62.5833,6.1333,42.33,81,75,10.36,light rain
347,Sertanopolis,BR,-23.0586,-51.0364,71.67,94,100,4.32,overcast clouds
348,Jieshou,CN,33.2634,115.3611,46.18,65,100,3.98,overcast clouds
349,Miraflores,MX,19.2167,-98.8083,59.86,62,71,4.76,broken clouds
350,Port Hardy,CA,50.6996,-127.4199,43.75,100,75,3.44,broken clouds
351,Teahupoo,PF,-17.8333,-149.2667,76.53,75,100,15.37,overcast clouds
352,Conde,BR,-7.2597,-34.9075,78.26,89,40,1.14,scattered clouds
353,La Rochelle,FR,46.1667,-1.15,39.27,93,0,12.66,clear sky
354,Beira,MZ,-19.8436,34.8389,78.89,83,20,9.22,few clouds
355,Monthey,CH,46.2555,6.9607,40.05,81,16,5.95,few clouds
356,San Cristobal,VE,7.7669,-72.225,63.68,79,93,1.52,overcast clouds
357,Dubbo,AU,-32.25,148.6167,84.33,30,40,11.5,scattered clouds
358,Mulchen,CL,-37.7167,-72.2333,59.79,38,100,2.55,overcast clouds
359,Maltahohe,NA,-24.8333,16.9833,73.47,59,14,10.31,few clouds
360,Tahta,EG,26.7693,31.5021,62.4,28,0,6.64,clear sky
361,Kulhudhuffushi,MV,6.6221,73.07,81.77,71,99,4.12,overcast clouds
362,Ciocanesti,RO,44.6,25.85,33.6,66,100,10.13,overcast clouds
363,Ishigaki,JP,24.3448,124.1572,71.73,100,75,14.97,broken clouds
364,Kamenka,RU,51.3223,42.7678,21.74,92,17,11.14,few clouds
365,Figline Valdarno,IT,43.6195,11.4693,41.9,71,79,3.36,broken clouds
366,Mercedes,AR,-34.6515,-59.4307,54.18,70,0,1.99,clear sky
367,Formiga,BR,-20.4644,-45.4264,64.94,97,99,2.59,overcast clouds
368,San Antonio,US,29.4241,-98.4936,41.05,57,0,6.91,clear sky
369,Coroata,BR,-4.13,-44.1242,71.85,99,96,1.92,overcast clouds
370,Monterey,US,36.2505,-121.2516,54.1,35,3,2.71,clear sky
371,Inirida,CO,3.8653,-67.9239,72.66,95,99,2.04,overcast clouds
372,San Luis,AR,-33.295,-66.3356,58.39,37,0,6.55,clear sky
373,Bengkulu,ID,-3.8004,102.2655,84.74,67,100,7.4,overcast clouds
374,Beitbridge,ZW,-22.2167,30.0,78.98,52,0,12.1,clear sky
375,Hay River,CA,60.8156,-115.7999,-2.22,84,100,13.8,light snow
376,Mpika,ZM,-11.8343,31.4529,66.31,88,95,2.15,light rain
377,Sretensk,RU,52.2453,117.7093,0.82,72,100,2.28,overcast clouds
378,Newport,GB,51.5877,-2.9984,49.17,88,100,27.72,overcast clouds
379,Goundam,ML,16.4145,-3.6708,59.25,21,3,9.22,clear sky
380,Bilokurakyne,UA,49.5341,38.7307,20.89,93,20,9.8,few clouds
381,Uyuni,BO,-20.4597,-66.825,51.22,62,100,1.34,overcast clouds
382,Palmer,US,42.1584,-72.3287,34.47,55,100,8.05,overcast clouds
383,Mairi,BR,-11.7114,-40.1489,70.3,91,100,2.77,overcast clouds
384,Ajdovscina,SI,45.886,13.9095,38.66,78,5,4.18,clear sky
385,Marrakesh,MA,31.6315,-8.0083,46.47,61,0,1.14,clear sky
386,Sakakah,SA,29.9697,40.2064,47.77,34,0,1.72,clear sky
387,Russell,US,32.3502,-85.1999,54.68,75,0,8.05,clear sky
388,Atar,MR,20.5169,-13.0499,61.32,30,100,8.63,overcast clouds
389,Mvuma,ZW,-19.2792,30.5283,72.03,49,7,7.47,clear sky
390,Mogadishu,SO,2.0371,45.3438,82.27,69,20,18.41,few clouds
391,Richmond,US,37.5538,-77.4603,49.66,60,40,8.05,scattered clouds
392,La Palma,US,33.8464,-118.0467,75.7,28,0,4.61,clear sky
393,Nicoya,CR,10.1483,-85.452,74.75,83,0,5.73,clear sky
394,Chuy,UY,-33.6971,-53.4616,62.53,88,100,11.14,overcast clouds
395,Dieppe,FR,49.75,1.1667,36.32,88,100,1.99,overcast clouds
396,Ballymena,GB,54.8636,-6.2763,46.02,98,100,3.44,moderate rain
397,Mugumu,TZ,-1.85,34.7,69.93,70,100,4.03,overcast clouds
398,Maneadero,MX,31.7167,-116.5667,65.64,27,84,8.43,broken clouds
399,Otane,NZ,-39.8833,176.6333,59.02,87,100,10.54,overcast clouds
400,Saint George,US,37.1041,-113.5841,55.35,25,0,5.75,clear sky
401,Nicolas Bravo,MX,18.45,-88.9167,69.98,99,75,1.14,broken clouds
402,Lakota,CI,5.8528,-5.6883,72.37,95,76,2.15,broken clouds
403,Tecoanapa,MX,16.5167,-98.75,73.96,67,88,4.36,overcast clouds
404,Sanski Most,BA,44.7653,16.6656,26.08,85,44,0.63,scattered clouds
405,Naron,ES,43.5167,-8.1528,53.02,77,100,20.33,overcast clouds
406,Masterton,NZ,-40.9597,175.6575,54.97,97,100,7.11,light rain
407,Markova,UA,48.6758,24.4138,13.59,68,2,4.34,clear sky
408,Sena Madureira,BR,-9.0656,-68.6569,71.96,96,100,1.54,overcast clouds
409,Jining,CN,35.405,116.5814,52.86,37,98,7.65,overcast clouds
410,Sao Filipe,CV,14.8961,-24.4956,75.83,50,85,18.72,overcast clouds
411,Boissevain,CA,49.2306,-100.0559,-15.36,100,13,5.32,few clouds
412,Iskateley,RU,67.6803,53.1512,10.72,96,100,8.99,overcast clouds
413,Bentiu,SS,9.2333,29.8333,84.6,14,82,8.88,broken clouds
414,Hurghada,EG,27.2574,33.8129,64.83,42,0,6.69,clear sky
415,Jackson,US,42.4165,-122.8345,61.84,60,0,3.44,clear sky
416,Vallenar,CL,-28.5708,-70.7581,63.41,72,0,3.02,clear sky
417,Portland,US,45.5234,-122.6762,50.61,49,0,14.0,clear sky
418,Coihaique,CL,-45.5752,-72.0662,59.61,82,0,5.75,clear sky
419,Krasnoborsk,RU,61.5598,45.934,14.97,94,100,3.51,light snow
420,Ust-Omchug,RU,61.15,149.6333,-26.32,96,80,2.55,broken clouds
421,Mitu,CO,1.1983,-70.1733,71.83,98,100,1.28,overcast clouds
422,Ahipara,NZ,-35.1667,173.1667,66.07,63,6,14.88,clear sky
423,Harper,LR,4.375,-7.7169,76.44,88,9,4.05,moderate rain
424,Lakselv,NO,70.0513,24.9718,8.42,72,79,20.71,broken clouds
425,Bangassou,CF,4.7413,22.8184,82.35,20,80,4.79,broken clouds
426,Los Llanos De Aridane,ES,28.6585,-17.9182,60.55,72,75,6.91,broken clouds
427,Laguna,US,38.421,-121.4238,62.89,80,0,5.75,clear sky
428,Haines Junction,CA,60.7522,-137.5108,24.75,68,82,4.61,broken clouds
429,Takayama,JP,36.1333,137.25,38.39,87,100,1.77,overcast clouds
430,Bouza,NE,14.4229,6.0428,59.31,19,5,9.57,clear sky
431,Alyangula,AU,-13.8483,136.4192,82.27,78,75,4.61,broken clouds
432,Totness,SR,5.8833,-56.3167,74.48,91,36,9.13,scattered clouds
433,Mount Gambier,AU,-37.8333,140.7667,78.71,29,100,13.8,overcast clouds
434,Quartucciu,IT,39.2519,9.1794,48.99,80,0,4.61,clear sky
435,Robertsport,LR,6.7533,-11.3686,75.92,93,13,4.43,few clouds
436,Arman,RU,59.7,150.1667,-4.18,85,55,5.84,broken clouds
437,Martapura,ID,-3.4167,114.85,91.49,55,40,0.0,scattered clouds
438,Sarany,RU,58.5,58.8833,20.39,93,100,4.16,overcast clouds
439,Porlamar,VE,10.958,-63.8491,77.09,88,95,9.22,overcast clouds
440,Belmonte,BR,-15.8631,-38.8828,75.7,88,97,2.24,overcast clouds
441,Itarema,BR,-2.9248,-39.9167,76.35,89,99,8.05,overcast clouds
442,Papetoai,PF,-17.4961,-149.8729,81.55,72,99,13.96,overcast clouds
443,Chapais,CA,49.7834,-74.8492,-24.02,100,93,3.0,overcast clouds
444,Jodhpur,IN,26.2867,73.03,77.65,16,0,5.3,clear sky
445,Vila Franca Do Campo,PT,37.7167,-25.4333,62.2,93,97,8.95,overcast clouds
446,Lingao,CN,19.9103,109.6859,72.93,71,92,15.73,overcast clouds
447,Kendari,ID,-3.945,122.4989,79.86,79,98,2.93,heavy intensity rain
448,Beipiao,CN,41.7919,120.7792,16.9,53,100,10.96,light snow
449,Dongsheng,CN,39.8161,109.9776,20.44,40,0,25.61,clear sky
450,Koryukivka,UA,51.7688,32.2481,25.66,87,12,8.14,few clouds
451,Ahuas,HN,15.4759,-84.3553,70.11,96,30,1.7,scattered clouds
452,Kanungu,UG,-0.9575,29.7897,74.59,50,100,2.59,overcast clouds
453,Shingu,JP,33.7333,135.9833,45.91,86,100,5.17,overcast clouds
454,Abu Zabad,SD,12.35,29.25,70.9,15,100,19.01,overcast clouds
455,Najran,SA,17.4924,44.1277,56.05,29,8,6.8,clear sky
456,Barra Do Garcas,BR,-15.89,-52.2567,68.79,98,77,1.99,broken clouds
457,Siteki,SZ,-26.45,31.95,69.62,50,0,3.58,clear sky
458,Amol,IR,36.4696,52.3507,54.7,59,0,4.76,clear sky
459,Tchibanga,GA,-2.85,11.0333,74.23,95,90,1.23,overcast clouds
460,Ponte De Sor,PT,39.2496,-8.0101,44.71,98,74,3.09,broken clouds
461,Omsukchan,RU,62.5333,155.8,-27.49,99,23,3.74,few clouds
462,Plastun,RU,44.7561,136.2939,23.99,61,97,9.37,overcast clouds
463,Padang,ID,-0.9492,100.3543,87.85,65,92,6.04,overcast clouds
464,Marawi,PH,7.9986,124.2928,73.65,74,93,5.75,overcast clouds
465,Boralday,KZ,43.3578,76.8594,30.06,80,75,6.71,broken clouds
466,Milledgeville,US,33.0801,-83.2321,52.47,87,0,0.0,clear sky
467,Biltine,TD,14.5333,20.9167,73.24,13,80,11.97,broken clouds
468,Zhigansk,RU,66.7697,123.3711,-24.63,99,94,5.19,overcast clouds
469,Reconquista,AR,-29.15,-59.65,57.31,92,0,6.13,clear sky
470,Upington,ZA,-28.4478,21.2561,79.18,57,0,6.91,clear sky
471,Atasu,KZ,48.6814,71.6433,26.64,95,100,20.36,light snow
472,Sao Joao Da Barra,BR,-21.6403,-41.0511,72.25,90,96,3.06,overcast clouds
473,Sauda,NO,59.6506,6.3542,45.68,100,100,9.51,light rain
474,Oistins,BB,13.0667,-59.5333,77.09,73,20,17.27,few clouds
475,Grand-Santi,GF,4.25,-54.3833,70.09,100,79,2.26,broken clouds
476,Husainabad,IN,24.5333,84.0167,75.29,21,0,3.4,clear sky
477,Ratnagiri,IN,16.9833,73.3,85.53,38,0,9.78,clear sky
478,Hailar,CN,49.2,119.7,-7.22,89,92,3.31,overcast clouds
479,Port Hedland,AU,-20.3167,118.5667,95.05,49,96,11.5,overcast clouds
480,Manerbio,IT,45.3558,10.1352,39.87,84,0,3.44,clear sky
481,Luau,AO,-10.7073,22.2247,69.4,79,100,3.58,overcast clouds
482,Yamada,JP,39.4667,141.95,38.43,59,100,2.19,overcast clouds
483,Aguas Vermelhas,BR,-15.7472,-41.46,63.72,93,100,2.73,overcast clouds
484,Nuuk,GL,64.1835,-51.7216,14.88,85,100,3.0,overcast clouds
485,Mecca,SA,21.4267,39.8261,77.72,22,0,10.63,clear sky
486,Deogarh,IN,21.5333,84.7333,81.41,16,10,3.13,clear sky
487,Broome,US,42.2506,-75.833,27.01,76,100,9.22,overcast clouds
488,Bacolod,PH,10.6667,122.95,86.88,62,100,7.7,overcast clouds
489,Zitsa,GR,39.6943,20.6372,46.54,93,75,1.14,broken clouds
490,Kichera,RU,55.9375,110.0997,-5.42,85,31,3.69,scattered clouds
491,Gairo,IT,39.8497,9.5047,40.21,88,6,3.0,clear sky
492,Pacific Grove,US,36.6177,-121.9166,60.82,61,0,5.01,clear sky
493,Cairns,AU,-16.9167,145.7667,89.06,51,40,19.57,scattered clouds
494,Benguela,AO,-12.5763,13.4055,78.96,53,100,3.11,overcast clouds
495,Lorengau,PG,-2.0226,147.2712,83.21,75,100,3.2,overcast clouds
496,Chumikan,RU,54.7183,135.315,8.92,80,100,0.25,overcast clouds
497,Avera,US,33.194,-82.5271,57.7,70,100,6.06,overcast clouds
498,Cayenne,GF,4.9333,-52.3333,79.09,88,100,1.01,overcast clouds
499,Kodinsk,RU,58.6881,99.1844,3.2,83,100,5.14,overcast clouds
500,Palwal,IN,28.15,77.3333,75.42,36,0,4.32,clear sky
501,Birjand,IR,32.8663,59.2211,54.07,47,20,4.61,few clouds
502,Ilorin,NG,8.5,4.55,77.27,75,79,2.73,broken clouds
503,Doha,QA,25.2867,51.5333,66.18,39,0,16.11,clear sky
504,Kyshtovka,RU,56.555,76.6271,10.0,93,100,10.78,light snow
505,Ulladulla,AU,-35.35,150.4667,80.76,56,10,14.23,clear sky
506,Moroto,UG,2.5345,34.6666,79.32,31,15,4.23,few clouds
507,Fare,PF,-16.7,-151.0167,80.94,75,100,15.01,overcast clouds
508,Lyngseidet,NO,69.5763,20.2189,14.09,80,100,18.19,overcast clouds
509,La Ronge,CA,55.1001,-105.2842,-3.75,77,100,3.44,overcast clouds
510,Pontianak,ID,-0.0333,109.3333,91.38,55,75,4.61,broken clouds
511,Sur,OM,22.5667,59.5289,77.54,40,0,1.21,clear sky
512,Sisimiut,GL,66.9395,-53.6735,5.9,89,100,7.94,overcast clouds
513,Neuquen,AR,-38.9516,-68.0591,67.89,34,0,4.61,clear sky
514,Kaman,IN,27.65,77.2667,72.84,31,0,5.75,clear sky
515,San Roque,ES,36.2107,-5.3842,47.21,84,22,7.29,few clouds
516,Selenduma,RU,50.9131,106.2406,-6.0,85,100,2.39,overcast clouds
517,Bonthe,SL,7.5264,-12.505,72.97,95,14,2.46,few clouds
518,Berlevag,NO,70.8578,29.0864,22.57,72,4,14.85,clear sky
519,Oume,JP,35.7839,139.2431,42.78,85,75,0.0,light rain
520,Nakamura,JP,32.9833,132.9333,45.95,94,100,4.5,overcast clouds
521,Key Biscayne,US,25.6937,-80.1628,75.02,93,100,5.91,overcast clouds
522,West Bay,KY,19.3667,-81.4167,78.01,86,4,1.01,clear sky
523,Tessalit,ML,20.1986,1.0114,58.64,23,59,6.98,broken clouds
524,Daru,PG,-9.0763,143.2092,83.14,69,31,10.47,scattered clouds
525,Rio Gallegos,AR,-51.6226,-69.2181,59.05,44,0,21.85,clear sky
526,Manavalakurichi,IN,8.1333,77.3,84.29,52,100,12.84,overcast clouds
527,Riohacha,CO,11.5444,-72.9072,76.46,76,17,14.23,few clouds
528,Urumqi,CN,43.801,87.6005,27.55,64,0,2.24,clear sky
529,Flin Flon,CA,54.7682,-101.865,-9.06,90,100,7.31,overcast clouds
530,Molepolole,BW,-24.4066,25.4951,69.94,36,0,10.96,clear sky
531,Balkhash,KZ,46.844,74.9804,27.21,80,75,8.95,broken clouds
532,Dumas,US,35.8656,-101.9732,32.67,80,0,13.8,clear sky
533,Coquimbo,CL,-29.9533,-71.3436,63.61,82,2,1.59,clear sky
534,Panzhihua,CN,26.5851,101.7128,66.69,29,0,2.15,clear sky
535,Honiara,SB,-9.4333,159.95,81.59,83,100,0.74,overcast clouds
536,Vao,NC,-22.6667,167.4833,80.96,79,81,8.25,broken clouds
537,Vyshchetarasivka,UA,47.5685,34.881,29.37,73,6,4.74,clear sky
538,Dyatkovo,RU,53.5978,34.3382,22.86,87,12,9.19,few clouds
539,Flinders,AU,-34.5833,150.8552,78.21,62,10,11.95,clear sky
540,Caconda,AO,-13.7333,15.0667,61.92,77,100,2.55,overcast clouds
541,Weihai,CN,37.5017,122.1136,38.1,62,10,10.4,clear sky
542,Weligama,LK,5.9667,80.4167,78.39,84,100,3.31,overcast clouds
543,Naryan-Mar,RU,67.6713,53.087,10.72,96,100,8.79,overcast clouds
544,Chongwe,ZM,-15.3292,28.682,70.34,75,23,6.64,few clouds
545,Midland,US,31.9974,-102.0779,36.48,43,0,6.91,clear sky
546,Arlit,NE,18.7369,7.3853,64.2,17,5,2.8,clear sky
547,Kastamonu,TR,41.5,33.6667,31.84,96,100,4.36,overcast clouds
548,Prince Rupert,CA,54.3161,-130.3201,40.69,93,0,3.44,clear sky
549,Siocon,PH,7.7061,122.1353,82.87,76,75,2.39,broken clouds
550,Salgueiro,BR,-8.0742,-39.1192,69.06,87,15,6.64,few clouds
551,Iquitos,PE,-3.7481,-73.2472,75.24,100,75,3.44,moderate rain
552,Coari,BR,-4.085,-63.1414,72.64,98,100,1.95,overcast clouds
553,Urucara,BR,-2.5364,-57.76,73.0,98,100,2.17,overcast clouds
554,Asilah,MA,35.465,-6.0348,51.76,71,0,6.04,clear sky
555,Impfondo,CG,1.6381,18.0667,81.93,30,84,2.82,broken clouds
556,Kentau,KZ,43.5206,68.5094,31.64,74,100,3.18,overcast clouds
557,Qeshm,IR,26.9581,56.2719,73.29,70,97,14.76,overcast clouds
558,Marechal Floriano,BR,-20.4128,-40.6831,67.05,97,57,3.02,broken clouds
559,Aklavik,CA,68.2191,-135.0107,-30.17,98,20,0.92,few clouds
560,Astana,KZ,51.1801,71.446,26.55,93,100,22.37,overcast clouds
561,Quixeramobim,BR,-5.1992,-39.2928,70.86,97,65,3.18,broken clouds
562,Dauphin,CA,51.1494,-100.0502,-14.66,70,0,4.61,clear sky
563,Tomatlan,MX,19.9333,-105.25,66.2,59,8,3.71,clear sky
564,Uruzgan,AF,32.8333,66.0,47.5,25,100,0.65,overcast clouds
565,Axim,GH,4.8699,-2.2405,78.82,87,36,6.8,scattered clouds
566,Taywarah,AF,33.35,64.4167,31.64,92,100,2.42,overcast clouds
567,Gamut,PH,8.5303,126.2422,81.93,75,73,5.44,broken clouds
568,La Plata,AR,-34.9215,-57.9545,59.0,62,0,5.55,clear sky
569,Ketchikan,US,55.3422,-131.6461,39.18,96,100,4.45,overcast clouds
570,Vanimo,PG,-2.6741,141.3028,84.24,70,23,9.35,few clouds
571,Marquette,US,46.5333,-87.6335,2.34,68,100,4.45,overcast clouds
572,Hannibal,US,39.7084,-91.3585,20.34,63,0,4.61,clear sky
573,Colac,AU,-38.3333,143.5833,89.15,26,98,11.14,overcast clouds
574,Spruce Grove,CA,53.5334,-113.9187,44.33,58,0,17.27,clear sky
575,Teya,RU,60.3778,92.6267,9.43,83,100,6.76,overcast clouds
576,Fairbanks,US,64.8378,-147.7164,12.22,80,100,0.0,mist
577,Northeim,DE,51.7,10.0,36.32,83,99,8.14,overcast clouds
578,Conselice,IT,44.5119,11.8312,39.65,81,25,1.81,scattered clouds
579,Charters Towers,AU,-20.1,146.2667,91.33,24,0,19.89,clear sky
580,Lata,PT,40.1629,-8.3327,43.05,92,100,3.76,overcast clouds
581,Rawah,IQ,34.4816,41.9093,55.62,46,0,14.41,clear sky
582,Ondjiva,AO,-17.0667,15.7333,68.04,94,100,2.3,overcast clouds
583,Lagos,NG,6.5833,3.75,77.32,83,63,4.03,broken clouds
584,Bassano,CA,50.7834,-112.4685,39.7,51,31,10.96,scattered clouds
585,Boyolangu,ID,-8.1181,111.8935,83.44,74,100,7.87,overcast clouds
586,Sitges,ES,41.2351,1.8119,57.27,91,96,11.03,overcast clouds
587,Kysyl-Syr,RU,63.8986,122.7617,-12.95,97,94,2.04,overcast clouds
588,Boa Vista,BR,2.8197,-60.6733,78.78,69,0,14.97,clear sky
589,Risor,NO,58.7206,9.2342,43.29,91,100,21.27,overcast clouds
590,Chicama,PE,-7.8447,-79.1469,66.74,73,100,3.65,overcast clouds
591,Zhangjiakou,CN,40.81,114.8794,23.05,78,100,14.29,snow
592,Mega,ET,4.05,38.3,72.75,19,11,13.53,few clouds
593,High Prairie,CA,55.4334,-116.4858,42.1,77,100,9.98,overcast clouds
594,Udachnyy,RU,66.4167,112.4,0.45,77,0,1.21,clear sky
595,Jardim,BR,-21.4803,-56.1381,72.59,65,15,2.3,few clouds
596,Tha Muang,TH,13.9612,99.6412,96.1,37,21,9.13,few clouds
597,Saint-Augustin,CA,51.226,-58.6502,33.26,98,100,17.63,light snow
598,Luganville,VU,-15.5333,167.1667,77.74,88,100,5.39,light rain
599,La Ligua,CL,-32.4524,-71.2311,56.98,72,0,2.01,clear sky
600,Malakal,SS,9.5334,31.6605,84.27,16,13,12.62,few clouds
601,Ambon,ID,-3.6954,128.1814,77.14,94,40,4.61,moderate rain
602,Bac Lieu,VN,9.285,105.7244,85.6,62,30,19.3,scattered clouds
603,Okhotsk,RU,59.3833,143.3,-5.51,85,0,7.56,clear sky
604,Kota Kinabalu,MY,5.9749,116.0724,85.98,79,20,5.01,few clouds
605,Ligayan,PH,4.6533,119.4706,80.98,74,88,5.95,overcast clouds
606,Ust-Nera,RU,64.5667,143.2,-31.88,99,35,2.15,scattered clouds
607,Pilar,BR,-9.5972,-35.9567,75.13,93,5,3.89,clear sky
608,Fuxin,CN,42.0156,121.6589,17.71,56,100,10.58,overcast clouds
609,Kampot,KH,10.6167,104.1833,86.05,56,58,6.78,broken clouds
610,Huangnihe,CN,43.5583,128.0239,14.59,63,5,4.07,clear sky
611,Mehran,IR,33.1222,46.1646,63.88,35,0,5.86,clear sky
612,Vallejo,US,38.1041,-122.2566,65.57,70,2,3.22,clear sky
613,Ambilobe,MG,-13.2,49.05,81.3,80,71,1.86,moderate rain
614,Bowen,AU,-20.0167,148.2333,80.82,61,0,24.92,clear sky
615,Majene,ID,-3.5403,118.9707,85.28,62,92,9.53,overcast clouds
616,Bogorodskoye,RU,56.55,37.8833,33.26,87,100,15.77,overcast clouds
617,Nokaneng,BW,-19.6667,22.2667,77.99,56,61,8.48,broken clouds
618,Murchison,NZ,-41.8,172.3333,49.24,99,100,2.39,light rain
619,Coihueco,CL,-36.6167,-71.8333,60.89,35,85,3.83,overcast clouds
620,Everett,US,47.979,-122.2021,44.13,89,6,0.78,clear sky
621,Backa Palanka,RS,45.2508,19.3919,42.22,81,91,11.07,overcast clouds
622,Whitehorse,CA,60.7161,-135.0538,27.37,59,0,2.3,clear sky
623,Yakeshi,CN,49.2833,120.7333,-6.52,89,74,3.15,broken clouds
624,Loa Janan,ID,-0.583,117.095,75.99,91,100,1.21,overcast clouds
625,Buenos Aires,AR,-34.6132,-58.3772,58.96,61,0,3.44,clear sky
626,Fantino,DO,19.1215,-70.2997,69.31,92,46,1.54,scattered clouds
627,Zanjan,IR,36.6736,48.4787,33.49,64,0,0.0,clear sky
628,Piacabucu,BR,-10.4056,-36.4344,76.95,87,76,8.41,broken clouds
629,Lishui,CN,28.4604,119.9103,46.06,96,100,2.84,light rain
630,Mbaiki,CF,3.8678,17.9892,82.04,21,56,3.69,broken clouds
631,Slave Lake,CA,55.2834,-114.769,31.98,80,100,10.36,overcast clouds
632,Palmas,BR,-10.2128,-48.3603,71.47,100,100,2.3,overcast clouds
633,Kieta,PG,-6.2167,155.6333,81.9,78,100,1.19,light rain
634,Tomigusuku,JP,26.185,127.675,69.57,92,75,8.05,broken clouds
635,Kalabo,ZM,-14.97,22.6814,71.06,81,93,6.71,overcast clouds
636,Nyurba,RU,63.2842,118.3319,-8.77,95,96,1.92,overcast clouds
637,Fukue,JP,32.6881,128.8419,53.96,76,75,14.97,broken clouds
638,Kiunga,PG,-6.1219,141.2906,84.36,67,95,3.47,overcast clouds
639,Gerash,IR,27.6652,54.1371,59.14,53,10,2.98,clear sky
640,Te Anau,NZ,-45.4167,167.7167,49.84,89,100,2.77,overcast clouds
641,Mandalgarh,IN,25.2,75.1,75.72,22,0,6.13,clear sky
642,Acarau,BR,-2.8856,-40.12,76.98,88,97,8.57,overcast clouds
643,Curup,ID,-3.4667,102.5333,82.56,57,100,5.84,overcast clouds
644,Biryusinsk,RU,55.9634,97.8235,3.33,79,53,10.98,broken clouds
645,Khandbari,NP,27.3747,87.2039,65.97,43,10,5.41,clear sky
646,Kindu,CD,-2.95,25.95,74.32,90,100,2.44,overcast clouds
647,Ugoofaaru,MV,5.6667,73.0,81.95,70,100,3.87,overcast clouds
648,Verkhoyansk,RU,67.5447,133.385,-21.57,95,100,1.1,overcast clouds
649,Timmins,CA,48.4669,-81.3331,-31.18,75,40,0.0,scattered clouds
650,Dalbandin,PK,28.8947,64.4101,66.96,14,1,8.21,clear sky
651,Marsabit,KE,2.3284,37.9899,72.48,50,16,14.38,few clouds
652,Saedinenie,BG,42.2667,24.55,41.95,70,100,0.0,overcast clouds
653,Sawtell,AU,-30.3833,153.1,77.32,66,36,10.36,scattered clouds
654,Pemberton,CA,50.3164,-122.8027,35.46,86,100,0.27,overcast clouds
655,Nata,PA,8.3333,-80.5167,77.47,91,7,5.08,clear sky
656,Venice,US,27.0998,-82.4543,66.22,66,100,6.91,light rain
657,Wanning,CN,18.8003,110.3967,75.43,68,54,7.99,broken clouds
658,Petropavlovsk-Kamchatskiy,RU,53.0452,158.6483,18.19,49,20,4.47,few clouds
659,Saurimo,AO,-9.6608,20.3916,68.18,89,100,4.05,overcast clouds
660,Datong,CN,40.0936,113.2914,30.88,67,100,12.95,light snow
661,Shache,CN,38.4167,77.2406,46.49,24,11,4.14,few clouds
662,Ahuimanu,US,21.4447,-157.8378,74.46,77,0,12.66,clear sky
663,Griffith,US,41.5284,-87.4237,17.76,68,40,6.91,scattered clouds
664,Bintulu,MY,3.1667,113.0333,90.01,70,40,3.44,scattered clouds
665,Novaya Igirma,RU,57.1334,103.9112,0.14,80,100,6.6,overcast clouds
666,Santiago,CL,-33.4569,-70.6483,71.85,52,0,6.91,clear sky
667,Kanniyakumari,IN,8.0833,77.5667,81.84,63,100,22.21,overcast clouds
668,Itaueira,BR,-7.6033,-43.0256,70.99,94,52,0.94,broken clouds
